"pi1","pi2","mu1","mu2","sigma1","sigma2"
0.792896552103778,0.207103447896222,0.906520286216973,1.99688298790936,0.456159919761923,0.903558934639971
